<?xml version="1.0" encoding="UTF-8"?>
<project-private xmlns="http://www.netbeans.org/ns/project-private/1">
    <editor-bookmarks xmlns="http://www.netbeans.org/ns/editor-bookmarks/2" lastBookmarkId="0"/>
    <open-files xmlns="http://www.netbeans.org/ns/projectui-open-files/2">
        <group>
            <file>file:/C:/Users/행복/Documents/NetBeansProjects/FPS_Game/src/fps_game/Missile.java</file>
            <file>file:/C:/Users/행복/Documents/NetBeansProjects/FPS_Game/src/fps_game/Frame_make.java</file>
            <file>file:/C:/Users/행복/Documents/NetBeansProjects/FPS_Game/src/fps_game/Enemy.java</file>
            <file>file:/C:/Users/행복/Documents/NetBeansProjects/FPS_Game/src/fps_game/Frame_make_sub.java</file>
            <file>file:/C:/Users/행복/Documents/NetBeansProjects/FPS_Game/src/fps_game/Explosion.java</file>
        </group>
    </open-files>
</project-private>
